[{"pk": 10, "model": "voting.project", "fields": {"descr": "No potholes in Philly", "title": "State of Good Repair For All Streets", "image": "http://www.thenakedconsumer.com/wp-content/uploads/2011/03/Pothole-Large.jpg", "complexity": 30, "cost": 10000000, "link": "http://philadelphiastreets.com/transportation-highways-potholes-intro.aspx", "location": "Philadelphia PA"}}, {"pk": 11, "model": "voting.project", "fields": {"descr": "Spring Garden Buffered Bike Lane - Painted bike lane with flex posts", "title": "Spring Garden Buffered Bike Lane - Painted bike lane with flex posts", "image": "http://dc.streetsblog.org/wp-content/uploads/2009/12/4080725704_d3bdbc9823.jpg", "complexity": 20, "cost": 150000, "link": "springgardensr.us", "location": "Philadelphia PA"}}, {"pk": 12, "model": "voting.project", "fields": {"descr": "Replace vacant lots with 10 New Community Gardens", "title": "Replace vacant lots with 10 New Community Gardens", "image": "http://static.howstuffworks.com/gif/community-garden-intro.jpg", "complexity": 30, "cost": 250000, "link": "http://www.pennsylvaniahorticulturalsociety.org/home/index.php", "location": "Philadelphia PA"}}, {"pk": 13, "model": "voting.project", "fields": {"descr": "5 Pedestrian Plazas to turn unimportant streets into plazas", "title": "5 Pedestrian Plazas to turn unimportant streets into plazas", "image": "http://visualizenashua.com/wp-content/uploads/2011/07/Pedestrian-Mall2.jpg", "complexity": 20, "cost": 450000, "link": "philly.gov", "location": "Philadelphia PA"}}, {"pk": 16, "model": "voting.project", "fields": {"descr": "25 Miles of new bike lanes", "title": "25 Miles of new bike lanes", "image": "http://wwbpa.org/wp-content/uploads/2010/09/Prospect-Park-Buffered-Bike-Lanes.jpg", "complexity": 20, "cost": 150000, "link": "www.phila.gov", "location": "Philadelphia PA"}}, {"pk": 4, "model": "voting.project", "fields": {"descr": "Transform abandoned railroad into a park", "title": "Reading Viaduct", "image": "http://profile.ak.fbcdn.net/hprofile-ak-snc4/187760_141301505927842_3841098_n.jpg", "complexity": 12, "cost": 70000000, "link": "http://www.facebook.com/readingviaductpark", "location": "Philadelphia PA"}}, {"pk": 5, "model": "voting.project", "fields": {"descr": "Create a Philadelphia Bike Share System", "title": "Create a Philadelphia Bike Share System", "image": "http://bikesharephiladelphia.org/_images/BikeShareMarketAreaDVRPC.JPG", "complexity": 8, "cost": 4000000, "link": "http://bikesharephiladelphia.org/", "location": "Philadelphia PA"}}, {"pk": 6, "model": "voting.project", "fields": {"descr": "Create a connection to the MFL at 22nd St", "title": "Create a connection to the MFL at 22nd St", "image": "http://upload.wikimedia.org/wikipedia/commons/c/c7/MarketFrankfordLineTrain.jpg", "complexity": 13, "cost": 10000000, "link": "septa.org", "location": "Philadelphia PA"}}, {"pk": 7, "model": "voting.project", "fields": {"descr": "Bury I 95 and create a park", "title": "Bury I - 95", "image": "http://planphilly.com/sites/planphilly.com/files/imagecache/Issue%20Slideshow/22front09_1.jpg", "complexity": 14, "cost": 2000000000, "link": "http://planphilly.com/node/2545", "location": "Philadelphia PA"}}, {"pk": 8, "model": "voting.project", "fields": {"descr": "Bring back the Germantown Ave Trolley", "title": "Bring back the Germantown Ave Trolley", "image": "http://www.phillytrolley.org/IMAGES/ZMS_girard-av_aug-15-2008.jpg", "complexity": 7, "cost": 25000000, "link": "http://www.phillytrolley.org/", "location": "Philadelphia PA"}}, {"pk": 15, "model": "voting.project", "fields": {"descr": "Clean 100 vacant lots once", "title": "Clean 100 vacant lots once", "image": "http://media.al.com/birmingham-news/photo/8750231-standard.jpg", "complexity": 10, "cost": 250000, "link": "www.phila.gov", "location": "Philadelphia PA"}}, {"pk": 18, "model": "voting.project", "fields": {"descr": "10 decorative crosswalks", "title": "10 decorative crosswalks", "image": "http://www.japandemic.com/Dtwent/crosswalk-yellow-jd400.jpg", "complexity": 15, "cost": 125000, "link": "www.phila.gov", "location": "Philadelphia PA"}}, {"pk": 9, "model": "voting.project", "fields": {"descr": "Make the El run 24 hours", "title": "Make the El run 24 hours", "image": "http://www.urbanrail.net/am/phil/BL-Girard1.JPG", "complexity": 9, "cost": 10000000, "link": "www.septa.org", "location": "Philadelphia PA"}}, {"pk": 17, "model": "voting.project", "fields": {"descr": "5 miles of sharrows", "title": "5 miles of sharrows", "image": "http://beyonddc.com/images/photos/transit/bikes/paver-1-NYCwestst.jpg", "complexity": 13, "cost": 20000, "link": "www.phila.gov", "location": "Philadelphia PA"}}, {"pk": 14, "model": "voting.project", "fields": {"descr": "100 New Bike Racks with artistic logos", "title": "100 New Bike Racks with artistic logos", "image": "http://travelswithmiranda.uskeba.ca/wp-content/uploads/2010/04/CIMG0077.jpg", "complexity": 8, "cost": 125000, "link": "philly.gov", "location": "Philadelphia PA"}}, {"pk": 1, "model": "voting.community", "fields": {"title": "Spring Garden"}}, {"pk": 1, "model": "voting.communityproject", "fields": {"project": 11, "community": 1}}, {"pk": 2, "model": "voting.communityproject", "fields": {"project": 12, "community": 1}}, {"pk": 3, "model": "voting.communityproject", "fields": {"project": 15, "community": 1}}, {"pk": 4, "model": "voting.communityproject", "fields": {"project": 17, "community": 1}}, {"pk": 5, "model": "voting.communityproject", "fields": {"project": 14, "community": 1}}, {"pk": 9, "model": "voting.vote", "fields": {"date": "2011-12-04 11:07:00", "project": 8, "contribution": 1, "location": "!", "user": 1}}, {"pk": 10, "model": "voting.vote", "fields": {"date": "2011-12-04 11:07:02", "project": 10, "contribution": 1, "location": "!", "user": 1}}, {"pk": 11, "model": "voting.vote", "fields": {"date": "2011-12-04 11:07:03", "project": 11, "contribution": 1, "location": "!", "user": 1}}, {"pk": 12, "model": "voting.vote", "fields": {"date": "2011-12-04 11:07:04", "project": 12, "contribution": 1, "location": "!", "user": 1}}, {"pk": 13, "model": "voting.vote", "fields": {"date": "2011-12-04 11:07:06", "project": 13, "contribution": 1, "location": "!", "user": 1}}, {"pk": 14, "model": "voting.vote", "fields": {"date": "2011-12-04 11:07:06", "project": 14, "contribution": 1, "location": "!", "user": 1}}, {"pk": 15, "model": "voting.vote", "fields": {"date": "2011-12-04 11:07:07", "project": 15, "contribution": 1, "location": "!", "user": 1}}, {"pk": 16, "model": "voting.vote", "fields": {"date": "2011-12-04 11:07:09", "project": 16, "contribution": 1, "location": "!", "user": 1}}, {"pk": 17, "model": "voting.vote", "fields": {"date": "2011-12-04 11:07:10", "project": 18, "contribution": 1, "location": "!", "user": 1}}, {"pk": 18, "model": "voting.vote", "fields": {"date": "2011-12-04 11:07:12", "project": 9, "contribution": 1, "location": "!", "user": 1}}, {"pk": 19, "model": "voting.vote", "fields": {"date": "2011-12-04 11:07:13", "project": 17, "contribution": 1, "location": "!", "user": 1}}, {"pk": 6, "model": "voting.vote", "fields": {"date": "2011-12-04 11:13:27", "project": 5, "contribution": 1, "location": "!", "user": 1}}, {"pk": 8, "model": "voting.vote", "fields": {"date": "2011-12-04 11:13:31", "project": 7, "contribution": 1, "location": "!", "user": 1}}, {"pk": 7, "model": "voting.vote", "fields": {"date": "2011-12-04 11:13:35", "project": 6, "contribution": 1, "location": "!", "user": 1}}, {"pk": 5, "model": "voting.vote", "fields": {"date": "2011-12-04 11:14:53", "project": 4, "contribution": 1, "location": "!", "user": 1}}, {"pk": 20, "model": "voting.vote", "fields": {"date": "2011-12-04 13:04:14", "project": 11, "contribution": 1, "location": "!", "user": 3}}, {"pk": 21, "model": "voting.vote", "fields": {"date": "2011-12-04 13:06:27", "project": 12, "contribution": 1, "location": "!", "user": 3}}, {"pk": 22, "model": "voting.vote", "fields": {"date": "2011-12-04 13:06:29", "project": 15, "contribution": 1, "location": "!", "user": 3}}, {"pk": 23, "model": "voting.vote", "fields": {"date": "2011-12-04 14:08:09", "project": 11, "contribution": 1, "location": "!", "user": 4}}, {"pk": 24, "model": "voting.vote", "fields": {"date": "2011-12-04 14:08:39", "project": 11, "contribution": 1, "location": "!", "user": 5}}, {"pk": 25, "model": "voting.vote", "fields": {"date": "2011-12-04 14:08:46", "project": 14, "contribution": 1, "location": "!", "user": 5}}, {"pk": 26, "model": "voting.vote", "fields": {"date": "2011-12-04 14:09:06", "project": 11, "contribution": 1, "location": "!", "user": 6}}, {"pk": 28, "model": "voting.vote", "fields": {"date": "2011-12-04 14:09:10", "project": 15, "contribution": 1, "location": "!", "user": 6}}, {"pk": 27, "model": "voting.vote", "fields": {"date": "2011-12-04 14:09:39", "project": 12, "contribution": 1, "location": "!", "user": 6}}, {"pk": 29, "model": "voting.vote", "fields": {"date": "2011-12-04 14:09:47", "project": 12, "contribution": 1, "location": "!", "user": 7}}, {"pk": 30, "model": "voting.vote", "fields": {"date": "2011-12-04 14:09:58", "project": 17, "contribution": 1, "location": "!", "user": 7}}, {"pk": 31, "model": "voting.vote", "fields": {"date": "2011-12-04 14:09:59", "project": 14, "contribution": -1, "location": "!", "user": 7}}, {"pk": 32, "model": "voting.vote", "fields": {"date": "2011-12-04 14:27:59", "project": 10, "contribution": 1, "location": "!", "user": 9}}, {"pk": 33, "model": "voting.vote", "fields": {"date": "2011-12-04 14:28:38", "project": 11, "contribution": 1, "location": "!", "user": 9}}]